Timestamp,median-confirmation-time
2009-01-09 23:00:00,0
2009-01-12 23:00:00,0
2009-01-15 23:00:00,0
2009-01-18 23:00:00,0
2009-01-21 23:00:00,0
2009-01-24 23:00:00,0
2009-01-27 23:00:00,0
2009-01-30 23:00:00,0
2009-02-02 23:00:00,0
2009-02-05 23:00:00,0
2009-02-08 23:00:00,0
2009-02-11 23:00:00,0
2009-02-14 23:00:00,0
2009-02-17 23:00:00,0
2009-02-20 23:00:00,0
2009-02-23 23:00:00,0
2009-02-26 23:00:00,0
2009-03-01 23:00:00,0
2009-03-04 23:00:00,0
2009-03-07 23:00:00,0
2009-03-10 23:00:00,0
2009-03-13 23:00:00,0
2009-03-16 23:00:00,0
2009-03-19 23:00:00,0
2009-03-22 23:00:00,0
2009-03-25 23:00:00,0
2009-03-28 23:00:00,0
2009-04-01 00:00:00,0
2009-04-04 00:00:00,0
2009-04-07 00:00:00,0
2009-04-10 00:00:00,0
2009-04-13 00:00:00,0
2009-04-16 00:00:00,0
2009-04-19 00:00:00,0
2009-04-22 00:00:00,0
2009-04-25 00:00:00,0
2009-04-28 00:00:00,0
2009-05-01 00:00:00,0
2009-05-04 00:00:00,0
2009-05-07 00:00:00,0
2009-05-10 00:00:00,0
2009-05-13 00:00:00,0
2009-05-16 00:00:00,0
2009-05-19 00:00:00,0
2009-05-22 00:00:00,0
2009-05-25 00:00:00,0
2009-05-28 00:00:00,0
2009-05-31 00:00:00,0
2009-06-03 00:00:00,0
2009-06-06 00:00:00,0
2009-06-09 00:00:00,0
2009-06-12 00:00:00,0
2009-06-15 00:00:00,0
2009-06-18 00:00:00,0
2009-06-21 00:00:00,0
2009-06-24 00:00:00,0
2009-06-27 00:00:00,0
2009-06-30 00:00:00,0
2009-07-03 00:00:00,0
2009-07-06 00:00:00,0
2009-07-09 00:00:00,0
2009-07-12 00:00:00,0
2009-07-15 00:00:00,0
2009-07-18 00:00:00,0
2009-07-21 00:00:00,0
2009-07-24 00:00:00,0
2009-07-27 00:00:00,0
2009-07-30 00:00:00,0
2009-08-02 00:00:00,0
2009-08-05 00:00:00,0
2009-08-08 00:00:00,0
2009-08-11 00:00:00,0
2009-08-14 00:00:00,0
2009-08-17 00:00:00,0
2009-08-20 00:00:00,0
2009-08-23 00:00:00,0
2009-08-26 00:00:00,0
2009-08-29 00:00:00,0
2009-09-01 00:00:00,0
2009-09-04 00:00:00,0
2009-09-07 00:00:00,0
2009-09-10 00:00:00,0
2009-09-13 00:00:00,0
2009-09-16 00:00:00,0
2009-09-19 00:00:00,0
2009-09-22 00:00:00,0
2009-09-25 00:00:00,0
2009-09-28 00:00:00,0
2009-10-01 00:00:00,0
2009-10-04 00:00:00,0
2009-10-07 00:00:00,0
2009-10-10 00:00:00,0
2009-10-13 00:00:00,0
2009-10-16 00:00:00,0
2009-10-19 00:00:00,0
2009-10-22 00:00:00,0
2009-10-25 00:00:00,0
2009-10-27 23:00:00,0
2009-10-30 23:00:00,0
2009-11-02 23:00:00,0
2009-11-05 23:00:00,0
2009-11-08 23:00:00,0
2009-11-11 23:00:00,0
2009-11-14 23:00:00,0
2009-11-17 23:00:00,0
2009-11-20 23:00:00,0
2009-11-23 23:00:00,0
2009-11-26 23:00:00,0
2009-11-29 23:00:00,0
2009-12-02 23:00:00,0
2009-12-05 23:00:00,0
2009-12-08 23:00:00,0
2009-12-11 23:00:00,0
2009-12-14 23:00:00,0
2009-12-17 23:00:00,0
2009-12-20 23:00:00,0
2009-12-23 23:00:00,0
2009-12-26 23:00:00,0
2009-12-29 23:00:00,0
2010-01-01 23:00:00,0
2010-01-04 23:00:00,0
2010-01-07 23:00:00,0
2010-01-10 23:00:00,0
2010-01-13 23:00:00,0
2010-01-16 23:00:00,0
2010-01-19 23:00:00,0
2010-01-22 23:00:00,0
2010-01-25 23:00:00,0
2010-01-28 23:00:00,0
2010-01-31 23:00:00,0
2010-02-03 23:00:00,0
2010-02-06 23:00:00,0
2010-02-09 23:00:00,0
2010-02-12 23:00:00,0
2010-02-15 23:00:00,0
2010-02-18 23:00:00,0
2010-02-21 23:00:00,0
2010-02-24 23:00:00,0
2010-02-27 23:00:00,0
2010-03-02 23:00:00,0
2010-03-05 23:00:00,0
2010-03-08 23:00:00,0
2010-03-11 23:00:00,0
2010-03-14 23:00:00,0
2010-03-17 23:00:00,0
2010-03-20 23:00:00,0
2010-03-23 23:00:00,0
2010-03-26 23:00:00,0
2010-03-30 00:00:00,0
2010-04-02 00:00:00,0
2010-04-05 00:00:00,0
2010-04-08 00:00:00,0
2010-04-11 00:00:00,0
2010-04-14 00:00:00,0
2010-04-17 00:00:00,0
2010-04-20 00:00:00,0
2010-04-23 00:00:00,0
2010-04-26 00:00:00,0
2010-04-29 00:00:00,0
2010-05-02 00:00:00,0
2010-05-05 00:00:00,0
2010-05-08 00:00:00,0
2010-05-11 00:00:00,0
2010-05-14 00:00:00,0
2010-05-17 00:00:00,0
2010-05-20 00:00:00,0
2010-05-23 00:00:00,0
2010-05-26 00:00:00,0
2010-05-29 00:00:00,0
2010-06-01 00:00:00,0
2010-06-04 00:00:00,0
2010-06-07 00:00:00,0
2010-06-10 00:00:00,0
2010-06-13 00:00:00,0
2010-06-16 00:00:00,0
2010-06-19 00:00:00,0
2010-06-22 00:00:00,0
2010-06-25 00:00:00,0
2010-06-28 00:00:00,0
2010-07-01 00:00:00,0
2010-07-04 00:00:00,0
2010-07-07 00:00:00,0
2010-07-10 00:00:00,0
2010-07-13 00:00:00,0
2010-07-16 00:00:00,0
2010-07-19 00:00:00,0
2010-07-22 00:00:00,0
2010-07-25 00:00:00,0
2010-07-28 00:00:00,0
2010-07-31 00:00:00,0
2010-08-03 00:00:00,0
2010-08-06 00:00:00,0
2010-08-09 00:00:00,0
2010-08-12 00:00:00,0
2010-08-15 00:00:00,0
2010-08-18 00:00:00,0
2010-08-21 00:00:00,0
2010-08-24 00:00:00,0
2010-08-27 00:00:00,0
2010-08-30 00:00:00,0
2010-09-02 00:00:00,0
2010-09-05 00:00:00,0
2010-09-08 00:00:00,0
2010-09-11 00:00:00,0
2010-09-14 00:00:00,0
2010-09-17 00:00:00,0
2010-09-20 00:00:00,0
2010-09-23 00:00:00,0
2010-09-26 00:00:00,0
2010-09-29 00:00:00,0
2010-10-02 00:00:00,0
2010-10-05 00:00:00,0
2010-10-08 00:00:00,0
2010-10-11 00:00:00,0
2010-10-14 00:00:00,0
2010-10-17 00:00:00,0
2010-10-20 00:00:00,0
2010-10-23 00:00:00,0
2010-10-26 00:00:00,0
2010-10-29 00:00:00,0
2010-10-31 23:00:00,0
2010-11-03 23:00:00,0
2010-11-06 23:00:00,0
2010-11-09 23:00:00,0
2010-11-12 23:00:00,0
2010-11-15 23:00:00,0
2010-11-18 23:00:00,0
2010-11-21 23:00:00,0
2010-11-24 23:00:00,0
2010-11-27 23:00:00,0
2010-11-30 23:00:00,0
2010-12-03 23:00:00,0
2010-12-06 23:00:00,0
2010-12-09 23:00:00,0
2010-12-12 23:00:00,0
2010-12-15 23:00:00,0
2010-12-18 23:00:00,0
2010-12-21 23:00:00,0
2010-12-24 23:00:00,0
2010-12-27 23:00:00,0
2010-12-30 23:00:00,0
2011-01-02 23:00:00,0
2011-01-05 23:00:00,0
2011-01-08 23:00:00,0
2011-01-11 23:00:00,0
2011-01-14 23:00:00,0
2011-01-17 23:00:00,0
2011-01-20 23:00:00,0
2011-01-23 23:00:00,0
2011-01-26 23:00:00,0
2011-01-29 23:00:00,0
2011-02-01 23:00:00,0
2011-02-04 23:00:00,0
2011-02-07 23:00:00,0
2011-02-10 23:00:00,0
2011-02-13 23:00:00,0
2011-02-16 23:00:00,0
2011-02-19 23:00:00,0
2011-02-22 23:00:00,0
2011-02-25 23:00:00,0
2011-02-28 23:00:00,0
2011-03-03 23:00:00,0
2011-03-06 23:00:00,0
2011-03-09 23:00:00,0
2011-03-12 23:00:00,0
2011-03-15 23:00:00,0
2011-03-18 23:00:00,0
2011-03-21 23:00:00,0
2011-03-24 23:00:00,0
2011-03-28 00:00:00,0
2011-03-31 00:00:00,0
2011-04-03 00:00:00,0
2011-04-06 00:00:00,0
2011-04-09 00:00:00,0
2011-04-12 00:00:00,0
2011-04-15 00:00:00,0
2011-04-18 00:00:00,0
2011-04-21 00:00:00,0
2011-04-24 00:00:00,0
2011-04-27 00:00:00,0
2011-04-30 00:00:00,0
2011-05-03 00:00:00,0
2011-05-06 00:00:00,0
2011-05-09 00:00:00,0
2011-05-12 00:00:00,0
2011-05-15 00:00:00,0
2011-05-18 00:00:00,0
2011-05-21 00:00:00,0
2011-05-24 00:00:00,0
2011-05-27 00:00:00,0
2011-05-30 00:00:00,0
2011-06-02 00:00:00,0
2011-06-05 00:00:00,0
2011-06-08 00:00:00,0
2011-06-11 00:00:00,0
2011-06-14 00:00:00,0
2011-06-17 00:00:00,0
2011-06-20 00:00:00,0
2011-06-23 00:00:00,0
2011-06-26 00:00:00,0
2011-06-29 00:00:00,0
2011-07-02 00:00:00,0
2011-07-05 00:00:00,0
2011-07-08 00:00:00,0
2011-07-11 00:00:00,0
2011-07-14 00:00:00,0
2011-07-17 00:00:00,0
2011-07-20 00:00:00,0
2011-07-23 00:00:00,0
2011-07-26 00:00:00,0
2011-07-29 00:00:00,0
2011-08-01 00:00:00,0
2011-08-04 00:00:00,0
2011-08-07 00:00:00,0
2011-08-10 00:00:00,0
2011-08-13 00:00:00,0
2011-08-16 00:00:00,0
2011-08-19 00:00:00,0
2011-08-22 00:00:00,0
2011-08-25 00:00:00,0
2011-08-28 00:00:00,0
2011-08-31 00:00:00,0
2011-09-03 00:00:00,0
2011-09-06 00:00:00,0
2011-09-09 00:00:00,0
2011-09-12 00:00:00,0
2011-09-15 00:00:00,0
2011-09-18 00:00:00,0
2011-09-21 00:00:00,0
2011-09-24 00:00:00,0
2011-09-27 00:00:00,0
2011-09-30 00:00:00,0
2011-10-03 00:00:00,0
2011-10-06 00:00:00,0
2011-10-09 00:00:00,0
2011-10-12 00:00:00,0
2011-10-15 00:00:00,0
2011-10-18 00:00:00,0
2011-10-21 00:00:00,0
2011-10-24 00:00:00,0
2011-10-27 00:00:00,0
2011-10-30 00:00:00,0
2011-11-01 23:00:00,0
2011-11-04 23:00:00,0
2011-11-07 23:00:00,0
2011-11-10 23:00:00,0
2011-11-13 23:00:00,0
2011-11-16 23:00:00,0
2011-11-19 23:00:00,0
2011-11-22 23:00:00,0
2011-11-25 23:00:00,0
2011-11-28 23:00:00,0
2011-12-01 23:00:00,0
2011-12-04 23:00:00,5.695238095238101
2011-12-07 23:00:00,11.773809523809529
2011-12-10 23:00:00,13.840476190476197
2011-12-13 23:00:00,13.116666666666669
2011-12-16 23:00:00,14.076190476190467
2011-12-19 23:00:00,14.152380952380943
2011-12-22 23:00:00,13.270238095238087
2011-12-25 23:00:00,14.298809523809513
2011-12-28 23:00:00,13.785714285714272
2011-12-31 23:00:00,13.471428571428557
2012-01-03 23:00:00,14.16190476190477
2012-01-06 23:00:00,13.461904761904771
2012-01-09 23:00:00,12.923809523809542
2012-01-12 23:00:00,12.740476190476198
2012-01-15 23:00:00,13.214285714285712
2012-01-18 23:00:00,13.126190476190455
2012-01-21 23:00:00,12.759523809523811
2012-01-24 23:00:00,13.052380952380956
2012-01-27 23:00:00,13.199999999999985
2012-01-30 23:00:00,12.814285714285697
2012-02-02 23:00:00,12.926190476190454
2012-02-05 23:00:00,13.330952380952356
2012-02-08 23:00:00,13.64047619047617
2012-02-11 23:00:00,13.592857142857142
2012-02-14 23:00:00,11.923809523809522
2012-02-17 23:00:00,11.742857142857138
2012-02-20 23:00:00,12.066666666666652
2012-02-23 23:00:00,12.938095238095226
2012-02-26 23:00:00,11.814285714285713
2012-02-29 23:00:00,9.792857142857146
2012-03-03 23:00:00,9.577380952380954
2012-03-06 23:00:00,9.032142857142857
2012-03-09 23:00:00,9.377380952380959
2012-03-12 23:00:00,9.8607142857143
2012-03-15 23:00:00,10.163095238095242
2012-03-18 23:00:00,9.411904761904754
2012-03-21 23:00:00,9.25119047619047
2012-03-24 23:00:00,9.024999999999991
2012-03-28 00:00:00,8.89166666666666
2012-03-31 00:00:00,8.740476190476189
2012-04-03 00:00:00,9.191666666666668
2012-04-06 00:00:00,9.576190476190476
2012-04-09 00:00:00,10.214285714285717
2012-04-12 00:00:00,9.45476190476191
2012-04-15 00:00:00,9.491666666666656
2012-04-18 00:00:00,10.070238095238084
2012-04-21 00:00:00,9.66428571428571
2012-04-24 00:00:00,9.301190476190472
2012-04-27 00:00:00,10.735714285714286
2012-04-30 00:00:00,10.816666666666668
2012-05-03 00:00:00,11.264285714285714
2012-05-06 00:00:00,9.802380952380952
2012-05-09 00:00:00,9.52380952380953
2012-05-12 00:00:00,10.16547619047619
2012-05-15 00:00:00,10.527380952380957
2012-05-18 00:00:00,12.180952380952386
2012-05-21 00:00:00,12.050000000000008
2012-05-24 00:00:00,12.611904761904766
2012-05-27 00:00:00,13.911904761904777
2012-05-30 00:00:00,13.152380952380962
2012-06-02 00:00:00,11.711904761904789
2012-06-05 00:00:00,12.177380952380974
2012-06-08 00:00:00,12.733333333333343
2012-06-11 00:00:00,13.295238095238119
2012-06-14 00:00:00,15.170238095238123
2012-06-17 00:00:00,22.176190476190477
2012-06-20 00:00:00,22.97380952380951
2012-06-23 00:00:00,16.425000000000015
2012-06-26 00:00:00,14.598809523809544
2012-06-29 00:00:00,13.823809523809544
2012-07-02 00:00:00,14.534523809523831
2012-07-05 00:00:00,13.698809523809544
2012-07-08 00:00:00,13.06309523809526
2012-07-11 00:00:00,13.097619047619077
2012-07-14 00:00:00,13.514285714285748
2012-07-17 00:00:00,14.996428571428606
2012-07-20 00:00:00,14.020238095238117
2012-07-23 00:00:00,13.91190476190476
2012-07-26 00:00:00,13.130952380952374
2012-07-29 00:00:00,11.850000000000005
2012-08-01 00:00:00,13.751190476190505
2012-08-04 00:00:00,14.301190476190502
2012-08-07 00:00:00,15.421428571428603
2012-08-10 00:00:00,13.041666666666687
2012-08-13 00:00:00,12.646428571428586
2012-08-16 00:00:00,12.8261904761905
2012-08-19 00:00:00,14.411904761904802
2012-08-22 00:00:00,13.535714285714317
2012-08-25 00:00:00,12.007142857142878
2012-08-28 00:00:00,12.045238095238103
2012-08-31 00:00:00,12.328571428571442
2012-09-03 00:00:00,11.261904761904772
2012-09-06 00:00:00,11.257142857142881
2012-09-09 00:00:00,10.869047619047633
2012-09-12 00:00:00,11.676190476190481
2012-09-15 00:00:00,12.65238095238097
2012-09-18 00:00:00,11.876190476190484
2012-09-21 00:00:00,11.98809523809524
2012-09-24 00:00:00,12.102380952380969
2012-09-27 00:00:00,12.241666666666683
2012-09-30 00:00:00,12.339285714285726
2012-10-03 00:00:00,12.515476190476212
2012-10-06 00:00:00,12.942857142857168
2012-10-09 00:00:00,12.630952380952397
2012-10-12 00:00:00,12.601190476190483
2012-10-15 00:00:00,12.34523809523811
2012-10-18 00:00:00,12.292857142857153
2012-10-21 00:00:00,12.045238095238094
2012-10-24 00:00:00,12.388095238095252
2012-10-27 00:00:00,11.820238095238098
2012-10-29 23:00:00,11.096428571428579
2012-11-01 23:00:00,11.228571428571437
2012-11-04 23:00:00,13.27023809523811
2012-11-07 23:00:00,13.154761904761909
2012-11-10 23:00:00,11.59285714285714
2012-11-13 23:00:00,11.944047619047625
2012-11-16 23:00:00,12.510714285714299
2012-11-19 23:00:00,12.73809523809526
2012-11-22 23:00:00,12.314285714285733
2012-11-25 23:00:00,13.064285714285734
2012-11-28 23:00:00,12.216666666666677
2012-12-01 23:00:00,11.680952380952393
2012-12-04 23:00:00,12
2012-12-07 23:00:00,12.590476190476185
2012-12-10 23:00:00,13.52857142857142
2012-12-13 23:00:00,12.340476190476192
2012-12-16 23:00:00,13.578571428571435
2012-12-19 23:00:00,13.509523809523827
2012-12-22 23:00:00,12.58928571428574
2012-12-25 23:00:00,11.47500000000001
2012-12-28 23:00:00,10.707142857142864
2012-12-31 23:00:00,10.300000000000015
2013-01-03 23:00:00,9.79761904761905
2013-01-06 23:00:00,9.63809523809523
2013-01-09 23:00:00,9.90714285714286
2013-01-12 23:00:00,10.404761904761909
2013-01-15 23:00:00,11.392857142857158
2013-01-18 23:00:00,11.898809523809534
2013-01-21 23:00:00,10.922619047619053
2013-01-24 23:00:00,10.404761904761898
2013-01-27 23:00:00,10.069047619047609
2013-01-30 23:00:00,9.571428571428571
2013-02-02 23:00:00,8.695238095238098
2013-02-05 23:00:00,8.766666666666671
2013-02-08 23:00:00,9.519047619047624
2013-02-11 23:00:00,9.888095238095241
2013-02-14 23:00:00,9.900000000000004
2013-02-17 23:00:00,8.685714285714296
2013-02-20 23:00:00,8.066666666666675
2013-02-23 23:00:00,8.40714285714286
2013-02-26 23:00:00,8.261904761904766
2013-03-01 23:00:00,7.897619047619057
2013-03-04 23:00:00,8.135714285714295
2013-03-07 23:00:00,8.583333333333345
2013-03-10 23:00:00,8.785714285714297
2013-03-13 23:00:00,9.32619047619049
2013-03-16 23:00:00,8.419047619047634
2013-03-19 23:00:00,7.314285714285723
2013-03-22 23:00:00,6.292857142857152
2013-03-25 23:00:00,6.097619047619056
2013-03-28 23:00:00,6.802380952380963
2013-04-01 00:00:00,7.457142857142868
2013-04-04 00:00:00,6.888095238095248
2013-04-07 00:00:00,6.957142857142865
2013-04-10 00:00:00,7.06190476190477
2013-04-13 00:00:00,6.985714285714295
2013-04-16 00:00:00,7.388095238095247
2013-04-19 00:00:00,7.471428571428581
2013-04-22 00:00:00,7.711904761904772
2013-04-25 00:00:00,7.771428571428582
2013-04-28 00:00:00,7.057142857142866
2013-05-01 00:00:00,7.109523809523819
2013-05-04 00:00:00,7.704761904761916
2013-05-07 00:00:00,7.714285714285722
2013-05-10 00:00:00,7.397619047619054
2013-05-13 00:00:00,6.897619047619054
2013-05-16 00:00:00,7.178571428571437
2013-05-19 00:00:00,7.653571428571438
2013-05-22 00:00:00,8.22500000000001
2013-05-25 00:00:00,8.301190476190484
2013-05-28 00:00:00,8.15238095238096
2013-05-31 00:00:00,7.9857142857142955
2013-06-03 00:00:00,7.328571428571438
2013-06-06 00:00:00,6.7166666666666766
2013-06-09 00:00:00,6.895238095238106
2013-06-12 00:00:00,7.242857142857154
2013-06-15 00:00:00,6.966666666666678
2013-06-18 00:00:00,7.009523809523821
2013-06-21 00:00:00,8.735714285714302
2013-06-24 00:00:00,9.366666666666683
2013-06-27 00:00:00,8.85952380952382
2013-06-30 00:00:00,8.40238095238096
2013-07-03 00:00:00,8.211904761904773
2013-07-06 00:00:00,8.014285714285725
2013-07-09 00:00:00,7.328571428571437
2013-07-12 00:00:00,6.928571428571438
2013-07-15 00:00:00,7.628571428571438
2013-07-18 00:00:00,8.05952380952382
2013-07-21 00:00:00,7.464285714285728
2013-07-24 00:00:00,7.421428571428583
2013-07-27 00:00:00,7.840476190476202
2013-07-30 00:00:00,8.23809523809525
2013-08-02 00:00:00,7.17857142857144
2013-08-05 00:00:00,6.7904761904762
2013-08-08 00:00:00,6.5904761904762
2013-08-11 00:00:00,6.283333333333344
2013-08-14 00:00:00,5.85952380952382
2013-08-17 00:00:00,6.430952380952393
2013-08-20 00:00:00,6.859523809523821
2013-08-23 00:00:00,6.245238095238106
2013-08-26 00:00:00,6.354761904761915
2013-08-29 00:00:00,6.85000000000001
2013-09-01 00:00:00,7.0428571428571525
2013-09-04 00:00:00,5.957142857142867
2013-09-07 00:00:00,6.011904761904771
2013-09-10 00:00:00,6.816666666666676
2013-09-13 00:00:00,6.545238095238105
2013-09-16 00:00:00,6.00000000000001
2013-09-19 00:00:00,6.6190476190476275
2013-09-22 00:00:00,6.866666666666676
2013-09-25 00:00:00,6.285714285714296
2013-09-28 00:00:00,6.226190476190488
2013-10-01 00:00:00,6.654761904761917
2013-10-04 00:00:00,6.700000000000011
2013-10-07 00:00:00,6.357142857142867
2013-10-10 00:00:00,6.490476190476203
2013-10-13 00:00:00,6.371428571428583
2013-10-16 00:00:00,5.607142857142869
2013-10-19 00:00:00,5.545238095238107
2013-10-22 00:00:00,5.821428571428583
2013-10-25 00:00:00,5.804761904761917
2013-10-27 23:00:00,6.045238095238106
2013-10-30 23:00:00,6.430952380952389
2013-11-02 23:00:00,6.41190476190477
2013-11-05 23:00:00,6.20000000000001
2013-11-08 23:00:00,7.335714285714291
2013-11-11 23:00:00,7.759523809523815
2013-11-14 23:00:00,7.445238095238101
2013-11-17 23:00:00,7.064285714285726
2013-11-20 23:00:00,8.369047619047624
2013-11-23 23:00:00,8.857142857142858
2013-11-26 23:00:00,8.180952380952386
2013-11-29 23:00:00,7.716666666666675
2013-12-02 23:00:00,7.983333333333341
2013-12-05 23:00:00,7.833333333333342
2013-12-08 23:00:00,7.569047619047629
2013-12-11 23:00:00,6.992857142857153
2013-12-14 23:00:00,6.978571428571437
2013-12-17 23:00:00,6.997619047619054
2013-12-20 23:00:00,6.416666666666674
2013-12-23 23:00:00,7.157142857142866
2013-12-26 23:00:00,7.578571428571436
2013-12-29 23:00:00,7.773809523809533
2014-01-01 23:00:00,7.352380952380963
2014-01-04 23:00:00,8.059523809523819
2014-01-07 23:00:00,7.873809523809533
2014-01-10 23:00:00,7.288095238095247
2014-01-13 23:00:00,6.5166666666666755
2014-01-16 23:00:00,6.707142857142865
2014-01-19 23:00:00,7.290476190476198
2014-01-22 23:00:00,7.300000000000006
2014-01-25 23:00:00,7.709523809523816
2014-01-28 23:00:00,8.454761904761911
2014-01-31 23:00:00,8.454761904761911
2014-02-03 23:00:00,7.683333333333342
2014-02-06 23:00:00,7.452380952380961
2014-02-09 23:00:00,7.830952380952388
2014-02-12 23:00:00,7.797619047619052
2014-02-15 23:00:00,7.571428571428576
2014-02-18 23:00:00,7.552380952380957
2014-02-21 23:00:00,7.72380952380953
2014-02-24 23:00:00,7.792857142857151
2014-02-27 23:00:00,7.664285714285723
2014-03-02 23:00:00,7.904761904761911
2014-03-05 23:00:00,8.628571428571435
2014-03-08 23:00:00,8.24285714285715
2014-03-11 23:00:00,7.60238095238096
2014-03-14 23:00:00,9.542857142857155
2014-03-17 23:00:00,11.752380952380966
2014-03-20 23:00:00,10.497619047619054
2014-03-23 23:00:00,7.9547619047619165
2014-03-26 23:00:00,7.390476190476201
2014-03-29 23:00:00,7.411904761904772
2014-04-02 00:00:00,7.585714285714295
2014-04-05 00:00:00,6.885714285714294
2014-04-08 00:00:00,7.147619047619054
2014-04-11 00:00:00,7.704761904761914
2014-04-14 00:00:00,8.023809523809533
2014-04-17 00:00:00,7.561904761904769
2014-04-20 00:00:00,7.666666666666671
2014-04-23 00:00:00,8.150000000000006
2014-04-26 00:00:00,8.088095238095246
2014-04-29 00:00:00,8.0404761904762
2014-05-02 00:00:00,7.761904761904772
2014-05-05 00:00:00,7.697619047619058
2014-05-08 00:00:00,7.688095238095246
2014-05-11 00:00:00,7.621428571428579
2014-05-14 00:00:00,7.566666666666674
2014-05-17 00:00:00,7.202380952380961
2014-05-20 00:00:00,6.997619047619055
2014-05-23 00:00:00,6.84285714285715
2014-05-26 00:00:00,7.157142857142864
2014-05-29 00:00:00,7.540476190476197
2014-06-01 00:00:00,7.6809523809523865
2014-06-04 00:00:00,7.019047619047623
2014-06-07 00:00:00,6.942857142857149
2014-06-10 00:00:00,7.307142857142863
2014-06-13 00:00:00,7.604761904761911
2014-06-16 00:00:00,7.397619047619054
2014-06-19 00:00:00,6.711904761904769
2014-06-22 00:00:00,6.380952380952388
2014-06-25 00:00:00,6.626190476190483
2014-06-28 00:00:00,6.288095238095244
2014-07-01 00:00:00,6.511904761904767
2014-07-04 00:00:00,7.478571428571434
2014-07-07 00:00:00,8.176190476190483
2014-07-10 00:00:00,7.716666666666674
2014-07-13 00:00:00,7.4880952380952435
2014-07-16 00:00:00,7.440476190476196
2014-07-19 00:00:00,7.123809523809529
2014-07-22 00:00:00,7.145238095238098
2014-07-25 00:00:00,7.397619047619051
2014-07-28 00:00:00,7.642857142857147
2014-07-31 00:00:00,7.511904761904767
2014-08-03 00:00:00,7.4190476190476256
2014-08-06 00:00:00,7.633333333333338
2014-08-09 00:00:00,7.473809523809529
2014-08-12 00:00:00,7.288095238095242
2014-08-15 00:00:00,6.852380952380955
2014-08-18 00:00:00,6.878571428571431
2014-08-21 00:00:00,6.680952380952382
2014-08-24 00:00:00,6.688095238095241
2014-08-27 00:00:00,7.142857142857148
2014-08-30 00:00:00,6.973809523809529
2014-09-02 00:00:00,6.747619047619052
2014-09-05 00:00:00,7.1857142857142895
2014-09-08 00:00:00,7.528571428571433
2014-09-11 00:00:00,7.490476190476194
2014-09-14 00:00:00,7.335714285714288
2014-09-17 00:00:00,7.052380952380953
2014-09-20 00:00:00,6.842857142857144
2014-09-23 00:00:00,6.642857142857145
2014-09-26 00:00:00,7.061904761904763
2014-09-29 00:00:00,7.392857142857144
2014-10-02 00:00:00,7.683333333333336
2014-10-05 00:00:00,7.78571428571429
2014-10-08 00:00:00,7.400000000000005
2014-10-11 00:00:00,7.638095238095241
2014-10-14 00:00:00,7.98809523809524
2014-10-17 00:00:00,7.6095238095238145
2014-10-20 00:00:00,7.645238095238101
2014-10-23 00:00:00,7.740476190476195
2014-10-26 00:00:00,7.6785714285714315
2014-10-28 23:00:00,7.433333333333336
2014-10-31 23:00:00,7.33571428571429
2014-11-03 23:00:00,6.876190476190481
2014-11-06 23:00:00,6.9690476190476245
2014-11-09 23:00:00,7.4642857142857215
2014-11-12 23:00:00,7.916666666666671
2014-11-15 23:00:00,7.802380952380957
2014-11-18 23:00:00,7.7904761904761965
2014-11-21 23:00:00,7.819047619047628
2014-11-24 23:00:00,7.883333333333342
2014-11-27 23:00:00,8.104761904761913
2014-11-30 23:00:00,8.026190476190484
2014-12-03 23:00:00,8.416666666666675
2014-12-06 23:00:00,8.297619047619055
2014-12-09 23:00:00,8.440476190476197
2014-12-12 23:00:00,8.328571428571435
2014-12-15 23:00:00,8.366666666666672
2014-12-18 23:00:00,8.56428571428572
2014-12-21 23:00:00,8.619047619047624
2014-12-24 23:00:00,8.466666666666672
2014-12-27 23:00:00,7.671428571428576
2014-12-30 23:00:00,7.240476190476196
2015-01-02 23:00:00,7.330952380952387
2015-01-05 23:00:00,7.2952380952380995
2015-01-08 23:00:00,7.5714285714285765
2015-01-11 23:00:00,8.08333333333334
2015-01-14 23:00:00,8.745238095238102
2015-01-17 23:00:00,8.638095238095243
2015-01-20 23:00:00,8.447619047619051
2015-01-23 23:00:00,8.757142857142858
2015-01-26 23:00:00,9.380952380952388
2015-01-29 23:00:00,8.533333333333342
2015-02-01 23:00:00,8.028571428571437
2015-02-04 23:00:00,7.9666666666666694
2015-02-07 23:00:00,7.557142857142859
2015-02-10 23:00:00,7.692857142857145
2015-02-13 23:00:00,7.96666666666667
2015-02-16 23:00:00,7.800000000000003
2015-02-19 23:00:00,7.590476190476194
2015-02-22 23:00:00,7.583333333333337
2015-02-25 23:00:00,8.040476190476195
2015-02-28 23:00:00,8.428571428571432
2015-03-03 23:00:00,8.073809523809528
2015-03-06 23:00:00,8.342857142857154
2015-03-09 23:00:00,8.46904761904763
2015-03-12 23:00:00,8.235714285714293
2015-03-15 23:00:00,8.047619047619055
2015-03-18 23:00:00,8.088095238095246
2015-03-21 23:00:00,8.061904761904769
2015-03-24 23:00:00,7.766666666666674
2015-03-27 23:00:00,7.350000000000007
2015-03-31 00:00:00,7.285714285714292
2015-04-03 00:00:00,7.611904761904768
2015-04-06 00:00:00,7.72976190476191
2015-04-09 00:00:00,8.072619047619055
2015-04-12 00:00:00,8.25476190476191
2015-04-15 00:00:00,7.919047619047624
2015-04-18 00:00:00,7.716666666666674
2015-04-21 00:00:00,7.928571428571438
2015-04-24 00:00:00,8.150000000000007
2015-04-27 00:00:00,8.05238095238096
2015-04-30 00:00:00,8.130952380952388
2015-05-03 00:00:00,8.095238095238102
2015-05-06 00:00:00,8.31428571428572
2015-05-09 00:00:00,7.850000000000004
2015-05-12 00:00:00,8.133333333333336
2015-05-15 00:00:00,8.054761904761909
2015-05-18 00:00:00,7.607142857142861
2015-05-21 00:00:00,7.702380952380958
2015-05-24 00:00:00,7.876190476190479
2015-05-27 00:00:00,8.261904761904763
2015-05-30 00:00:00,8.192857142857145
2015-06-02 00:00:00,8.202380952380954
2015-06-05 00:00:00,8.321428571428573
2015-06-08 00:00:00,8.254761904761907
2015-06-11 00:00:00,7.9476190476190505
2015-06-14 00:00:00,7.671428571428576
2015-06-17 00:00:00,8.071428571428573
2015-06-20 00:00:00,7.961904761904762
2015-06-23 00:00:00,8.571428571428573
2015-06-26 00:00:00,8.290476190476193
2015-06-29 00:00:00,8.226190476190476
2015-07-02 00:00:00,8.40952380952381
2015-07-05 00:00:00,8.34047619047619
2015-07-08 00:00:00,8.023809523809524
2015-07-11 00:00:00,8.966666666666672
2015-07-14 00:00:00,9.676190476190484
2015-07-17 00:00:00,9.27380952380953
2015-07-20 00:00:00,8.364285714285716
2015-07-23 00:00:00,8.14761904761905
2015-07-26 00:00:00,7.854761904761908
2015-07-29 00:00:00,7.992857142857147
2015-08-01 00:00:00,8.904761904761909
2015-08-04 00:00:00,8.6452380952381
2015-08-07 00:00:00,8.907142857142867
2015-08-10 00:00:00,8.81190476190477
2015-08-13 00:00:00,7.97619047619048
2015-08-16 00:00:00,8.204761904761908
2015-08-19 00:00:00,8.430952380952384
2015-08-22 00:00:00,8.05714285714286
2015-08-25 00:00:00,8.114285714285717
2015-08-28 00:00:00,8.280952380952384
2015-08-31 00:00:00,8.20119047619048
2015-09-03 00:00:00,8.377380952380959
2015-09-06 00:00:00,8.777380952380957
2015-09-09 00:00:00,9.002380952380957
2015-09-12 00:00:00,7.976190476190482
2015-09-15 00:00:00,8.419047619047625
2015-09-18 00:00:00,8.342857142857147
2015-09-21 00:00:00,8.361904761904766
2015-09-24 00:00:00,8.480952380952386
2015-09-27 00:00:00,8.111904761904766
2015-09-30 00:00:00,7.757142857142861
2015-10-03 00:00:00,7.728571428571432
2015-10-06 00:00:00,7.7238095238095275
2015-10-09 00:00:00,8.483333333333333
2015-10-12 00:00:00,8.909523809523803
2015-10-15 00:00:00,9.004761904761907
2015-10-18 00:00:00,8.297619047619055
2015-10-21 00:00:00,8.228571428571437
2015-10-24 00:00:00,8.542857142857148
2015-10-26 23:00:00,8.333333333333343
2015-10-29 23:00:00,8.107142857142867
2015-11-01 23:00:00,7.850000000000008
2015-11-04 23:00:00,8.023809523809529
2015-11-07 23:00:00,8.578571428571435
2015-11-10 23:00:00,8.871428571428579
2015-11-13 23:00:00,8.459523809523818
2015-11-16 23:00:00,8.230952380952388
2015-11-19 23:00:00,8.552380952380958
2015-11-22 23:00:00,8.065476190476193
2015-11-25 23:00:00,8.091666666666672
2015-11-28 23:00:00,8.107142857142861
2015-12-01 23:00:00,8.32857142857144
2015-12-04 23:00:00,8.585714285714294
2015-12-07 23:00:00,7.988095238095243
2015-12-10 23:00:00,7.569047619047623
2015-12-13 23:00:00,7.695238095238101
2015-12-16 23:00:00,7.6095238095238145
2015-12-19 23:00:00,7.571428571428577
2015-12-22 23:00:00,7.571428571428577
2015-12-25 23:00:00,7.980952380952388
2015-12-28 23:00:00,7.595238095238104
2015-12-31 23:00:00,7.238095238095246
2016-01-03 23:00:00,7.857142857142859
2016-01-06 23:00:00,7.8500000000000005
2016-01-09 23:00:00,7.7333333333333405
2016-01-12 23:00:00,7.7142857142857215
2016-01-15 23:00:00,7.738095238095245
2016-01-18 23:00:00,8.178571428571434
2016-01-21 23:00:00,8.607142857142865
2016-01-24 23:00:00,7.838095238095245
2016-01-27 23:00:00,7.871428571428579
2016-01-30 23:00:00,7.85238095238096
2016-02-02 23:00:00,7.935714285714296
2016-02-05 23:00:00,7.402380952380961
2016-02-08 23:00:00,7.18333333333334
2016-02-11 23:00:00,6.973809523809531
2016-02-14 23:00:00,7.180952380952388
2016-02-17 23:00:00,7.619047619047626
2016-02-20 23:00:00,7.952380952380959
2016-02-23 23:00:00,8.864285714285723
2016-02-26 23:00:00,9.092857142857152
2016-02-29 23:00:00,9.192857142857159
2016-03-03 23:00:00,9.94047619047621
2016-03-06 23:00:00,10.183333333333353
2016-03-09 23:00:00,8.7904761904762
2016-03-12 23:00:00,7.711904761904772
2016-03-15 23:00:00,7.666666666666677
2016-03-18 23:00:00,7.86904761904763
2016-03-21 23:00:00,8.121428571428583
2016-03-24 23:00:00,8.061904761904774
2016-03-28 00:00:00,7.752380952380965
2016-03-31 00:00:00,7.840476190476202
2016-04-03 00:00:00,8.652380952380957
2016-04-06 00:00:00,8.71428571428572
2016-04-09 00:00:00,8.380952380952388
2016-04-12 00:00:00,7.757142857142867
2016-04-15 00:00:00,7.488095238095248
2016-04-18 00:00:00,7.811904761904773
2016-04-21 00:00:00,7.847619047619061
2016-04-24 00:00:00,7.876190476190489
2016-04-27 00:00:00,8.190476190476202
2016-04-30 00:00:00,8.766666666666682
2016-05-03 00:00:00,8.380952380952397
2016-05-06 00:00:00,7.510714285714298
2016-05-09 00:00:00,7.370238095238108
2016-05-12 00:00:00,7.566666666666677
2016-05-15 00:00:00,8.17857142857144
2016-05-18 00:00:00,8.973809523809534
2016-05-21 00:00:00,9.526190476190493
2016-05-24 00:00:00,8.607142857142874
2016-05-27 00:00:00,8.402380952380964
2016-05-30 00:00:00,9.054761904761923
2016-06-02 00:00:00,9.654761904761926
2016-06-05 00:00:00,9.673809523809544
2016-06-08 00:00:00,9.135714285714304
2016-06-11 00:00:00,8.18333333333335
2016-06-14 00:00:00,8.453809523809536
2016-06-17 00:00:00,10.136190476190489
2016-06-20 00:00:00,9.922857142857156
2016-06-23 00:00:00,9.07285714285715
2016-06-26 00:00:00,9.37380952380953
2016-06-29 00:00:00,9.4452380952381
2016-07-02 00:00:00,8.561904761904772
2016-07-05 00:00:00,8.595238095238106
2016-07-08 00:00:00,8.426190476190488
2016-07-11 00:00:00,8.307142857142868
2016-07-14 00:00:00,8.628571428571433
2016-07-17 00:00:00,8.678571428571434
2016-07-20 00:00:00,8.819047619047625
2016-07-23 00:00:00,8.828571428571445
2016-07-26 00:00:00,9.788095238095252
2016-07-29 00:00:00,10.40000000000001
2016-08-01 00:00:00,10.309523809523823
2016-08-04 00:00:00,9.16428571428573
2016-08-07 00:00:00,7.588095238095247
2016-08-10 00:00:00,8.445238095238105
2016-08-13 00:00:00,9.114285714285725
2016-08-16 00:00:00,8.9404761904762
2016-08-19 00:00:00,8.873809523809545
2016-08-22 00:00:00,8.735714285714307
2016-08-25 00:00:00,7.792857142857153
2016-08-28 00:00:00,8.219047619047629
2016-08-31 00:00:00,8.223809523809532
2016-09-03 00:00:00,7.835714285714295
2016-09-06 00:00:00,8.271428571428576
2016-09-09 00:00:00,8.326190476190481
2016-09-12 00:00:00,8.416666666666679
2016-09-15 00:00:00,7.7166666666666766
2016-09-18 00:00:00,7.8380952380952476
2016-09-21 00:00:00,8.526190476190491
2016-09-24 00:00:00,8.797619047619063
2016-09-27 00:00:00,7.776190476190487
2016-09-30 00:00:00,7.919047619047631
2016-10-03 00:00:00,8.316666666666677
2016-10-06 00:00:00,8.754761904761915
2016-10-09 00:00:00,8.347619047619059
2016-10-12 00:00:00,8.723809523809539
2016-10-15 00:00:00,9.36428571428573
2016-10-18 00:00:00,10.078571428571452
2016-10-21 00:00:00,10.397619047619068
2016-10-24 00:00:00,9.704761904761925
2016-10-27 00:00:00,11.20952380952382
2016-10-30 00:00:00,11.295238095238101
2016-11-01 23:00:00,11.703571428571436
2016-11-04 23:00:00,10.653571428571441
2016-11-07 23:00:00,10.901190476190482
2016-11-10 23:00:00,10.967857142857147
2016-11-13 23:00:00,9.46071428571429
2016-11-16 23:00:00,9.007142857142865
2016-11-19 23:00:00,9.765476190476196
2016-11-22 23:00:00,12.470238095238104
2016-11-25 23:00:00,15.873809523809536
2016-11-28 23:00:00,15.333333333333345
2016-12-01 23:00:00,12.323809523809539
2016-12-04 23:00:00,14.052380952380961
2016-12-07 23:00:00,13.059523809523816
2016-12-10 23:00:00,11.223809523809525
2016-12-13 23:00:00,10.327380952380958
2016-12-16 23:00:00,11.969047619047627
2016-12-19 23:00:00,12.727380952380958
2016-12-22 23:00:00,11.984523809523818
2016-12-25 23:00:00,11.619047619047631
2016-12-28 23:00:00,11.74642857142858
2016-12-31 23:00:00,11.409523809523819
2017-01-03 23:00:00,10.858333333333343
2017-01-06 23:00:00,11.198809523809533
2017-01-09 23:00:00,10.461904761904771
2017-01-12 23:00:00,10.53690476190477
2017-01-15 23:00:00,9.71785714285716
2017-01-18 23:00:00,10.213095238095248
2017-01-21 23:00:00,11.146428571428583
2017-01-24 23:00:00,13.142857142857151
2017-01-27 23:00:00,13.094047619047634
2017-01-30 23:00:00,13.952380952380965
2017-02-02 23:00:00,14.765476190476193
2017-02-05 23:00:00,16.810714285714294
2017-02-08 23:00:00,17.861904761904768
2017-02-11 23:00:00,16.583333333333325
2017-02-14 23:00:00,13.32380952380952
2017-02-17 23:00:00,13.850000000000009
2017-02-20 23:00:00,13.708333333333355
2017-02-23 23:00:00,13.239285714285726
2017-02-26 23:00:00,14.290476190476184
2017-03-01 23:00:00,13.370238095238097
2017-03-04 23:00:00,16.350000000000012
2017-03-07 23:00:00,16.96666666666667
2017-03-10 23:00:00,14.03333333333334
2017-03-13 23:00:00,14.044047619047623
2017-03-16 23:00:00,14.463095238095239
2017-03-19 23:00:00,12.865476190476192
2017-03-22 23:00:00,11.250000000000005
2017-03-25 23:00:00,10.202380952380963
2017-03-29 00:00:00,11.12500000000001
2017-04-01 00:00:00,14.175000000000011
2017-04-04 00:00:00,15.004761904761917
2017-04-07 00:00:00,15.171428571428574
2017-04-10 00:00:00,12.689285714285718
2017-04-13 00:00:00,13.636904761904772
2017-04-16 00:00:00,14.260714285714297
2017-04-19 00:00:00,14.165476190476209
2017-04-22 00:00:00,13.128571428571453
2017-04-25 00:00:00,13.613095238095257
2017-04-28 00:00:00,16.90714285714287
2017-05-01 00:00:00,16.080952380952393
2017-05-04 00:00:00,14.453571428571445
2017-05-07 00:00:00,14.029761904761918
2017-05-10 00:00:00,14.216666666666686
2017-05-13 00:00:00,15.178571428571445
2017-05-16 00:00:00,13.963095238095246
2017-05-19 00:00:00,13.644047619047617
2017-05-22 00:00:00,13.022619047619045
2017-05-25 00:00:00,13.379761904761915
2017-05-28 00:00:00,13.490476190476215
2017-05-31 00:00:00,13.784523809523833
2017-06-03 00:00:00,13.727380952380974
2017-06-06 00:00:00,13.857142857142872
2017-06-09 00:00:00,14.921428571428583
2017-06-12 00:00:00,15.88214285714287
2017-06-15 00:00:00,14.519047619047628
2017-06-18 00:00:00,12.769047619047624
2017-06-21 00:00:00,12.920238095238108
2017-06-24 00:00:00,13.859523809523823
2017-06-27 00:00:00,13.863095238095257
2017-06-30 00:00:00,13.897619047619072
2017-07-03 00:00:00,12.305952380952396
2017-07-06 00:00:00,9.827380952380963
2017-07-09 00:00:00,9.842857142857158
2017-07-12 00:00:00,10.476190476190494
2017-07-15 00:00:00,10.733333333333345
2017-07-18 00:00:00,12.491666666666676
2017-07-21 00:00:00,12.55000000000001
2017-07-24 00:00:00,12.159523809523824
2017-07-27 00:00:00,11.116666666666685
2017-07-30 00:00:00,10.523809523809543
2017-08-02 00:00:00,11.441666666666682
2017-08-05 00:00:00,12.03452380952383
2017-08-08 00:00:00,10.323809523809544
2017-08-11 00:00:00,10.573809523809544
2017-08-14 00:00:00,12.065476190476202
2017-08-17 00:00:00,14.240476190476201
2017-08-20 00:00:00,12.588095238095255
2017-08-23 00:00:00,14.563095238095256
2017-08-26 00:00:00,15.276190476190498
2017-08-29 00:00:00,16.26666666666669
2017-09-01 00:00:00,14.452380952380976
2017-09-04 00:00:00,12.264285714285732
2017-09-07 00:00:00,10.825000000000019
2017-09-10 00:00:00,9.475000000000021
2017-09-13 00:00:00,9.26547619047621
2017-09-16 00:00:00,9.576190476190499
2017-09-19 00:00:00,10.03928571428573
2017-09-22 00:00:00,11.77023809523811
2017-09-25 00:00:00,11.685714285714297
2017-09-28 00:00:00,10.783333333333355
2017-10-01 00:00:00,11.204761904761925
2017-10-04 00:00:00,12.560714285714308
2017-10-07 00:00:00,12.864285714285744
2017-10-10 00:00:00,12.402380952380978
2017-10-13 00:00:00,11.657142857142876
2017-10-16 00:00:00,13.085714285714309
2017-10-19 00:00:00,12.245238095238122
2017-10-22 00:00:00,11.676190476190493
2017-10-25 00:00:00,11.76666666666669
2017-10-28 00:00:00,10.683333333333353
2017-10-30 23:00:00,14.02738095238097
2017-11-02 23:00:00,15.036904761904774
2017-11-05 23:00:00,14.486904761904785
2017-11-08 23:00:00,13.992857142857163
2017-11-11 23:00:00,14.079761904761922
2017-11-14 23:00:00,18.250000000000025
2017-11-17 23:00:00,17.64761904761908
2017-11-20 23:00:00,13.225000000000026
2017-11-23 23:00:00,11.17976190476193
2017-11-26 23:00:00,11.876190476190501
2017-11-29 23:00:00,12.414285714285736
2017-12-02 23:00:00,13.060714285714306
2017-12-05 23:00:00,11.821428571428589
2017-12-08 23:00:00,11.182142857142875
2017-12-11 23:00:00,12.391666666666683
2017-12-14 23:00:00,12.027380952380975
2017-12-17 23:00:00,12.008333333333358
2017-12-20 23:00:00,11.23333333333336
2017-12-23 23:00:00,12.223809523809551
2017-12-26 23:00:00,12.479761904761938
2017-12-29 23:00:00,10.679761904761936
2018-01-01 23:00:00,10.44404761904764
2018-01-04 23:00:00,10.469047619047641
2018-01-07 23:00:00,11.276190476190497
2018-01-10 23:00:00,12.921428571428592
2018-01-13 23:00:00,12.360714285714307
2018-01-16 23:00:00,10.31666666666669
2018-01-19 23:00:00,10.565476190476213
2018-01-22 23:00:00,11.233333333333354
2018-01-25 23:00:00,10.735714285714307
2018-01-28 23:00:00,11.203571428571449
2018-01-31 23:00:00,12.246428571428593
2018-02-03 23:00:00,12.164285714285734
2018-02-06 23:00:00,10.384523809523825
2018-02-09 23:00:00,9.722619047619064
2018-02-12 23:00:00,9.908333333333347
2018-02-15 23:00:00,9.877380952380966
2018-02-18 23:00:00,8.78214285714287
2018-02-21 23:00:00,7.680952380952397
2018-02-24 23:00:00,9.610714285714304
2018-02-27 23:00:00,10.450000000000015
2018-03-02 23:00:00,11.153571428571443
2018-03-05 23:00:00,11.2357142857143
2018-03-08 23:00:00,10.109523809523823
2018-03-11 23:00:00,10.973809523809537
2018-03-14 23:00:00,11.267857142857157
2018-03-17 23:00:00,10.850000000000014
2018-03-20 23:00:00,10.515476190476209
2018-03-23 23:00:00,9.961904761904782
2018-03-27 00:00:00,10.35952380952383
2018-03-30 00:00:00,10.016666666666689
2018-04-02 00:00:00,9.809523809523833
2018-04-05 00:00:00,9.82261904761907
2018-04-08 00:00:00,9.398809523809545
2018-04-11 00:00:00,9.492857142857165
2018-04-14 00:00:00,9.57023809523812
2018-04-17 00:00:00,8.940476190476216
2018-04-20 00:00:00,9.052380952380977
2018-04-23 00:00:00,9.240476190476214
2018-04-26 00:00:00,9.752380952380971
2018-04-29 00:00:00,10.303571428571447
2018-05-02 00:00:00,10.047619047619065
2018-05-05 00:00:00,10.154761904761925
2018-05-08 00:00:00,10.452380952380972
2018-05-11 00:00:00,10.794047619047634
2018-05-14 00:00:00,10.725000000000012
2018-05-17 00:00:00,9.948809523809535
2018-05-20 00:00:00,10.214285714285726
2018-05-23 00:00:00,10.10357142857144
2018-05-26 00:00:00,9.550000000000013
2018-05-29 00:00:00,8.847619047619066
2018-06-01 00:00:00,8.1309523809524
2018-06-04 00:00:00,8.3559523809524
2018-06-07 00:00:00,9.78690476190478
2018-06-10 00:00:00,9.276190476190497
2018-06-13 00:00:00,9.864285714285733
2018-06-16 00:00:00,11.027380952380971
2018-06-19 00:00:00,9.379761904761926
2018-06-22 00:00:00,8.50238095238097
2018-06-25 00:00:00,9.169047619047637
2018-06-28 00:00:00,10.657142857142881
2018-07-01 00:00:00,11.013095238095262
2018-07-04 00:00:00,11.746428571428595
2018-07-07 00:00:00,10.71904761904764
2018-07-10 00:00:00,10.507142857142878
2018-07-13 00:00:00,10.338095238095258
2018-07-16 00:00:00,11.761904761904786
2018-07-19 00:00:00,11.398809523809547
2018-07-22 00:00:00,11.061904761904787
2018-07-25 00:00:00,9.522619047619072
2018-07-28 00:00:00,9.291666666666691
2018-07-31 00:00:00,10.067857142857168
2018-08-03 00:00:00,10.04285714285717
2018-08-06 00:00:00,7.981547619047647
2018-08-09 00:00:00,7.343452380952408
2018-08-12 00:00:00,6.098214285714316
2018-08-15 00:00:00,6.133333333333363
2018-08-18 00:00:00,6.320833333333363
2018-08-21 00:00:00,6.5369047619047915
2018-08-24 00:00:00,6.527380952380981
2018-08-27 00:00:00,6.473809523809551
2018-08-30 00:00:00,6.707738095238123
2018-09-02 00:00:00,6.704166666666694
2018-09-05 00:00:00,7.644642857142884
2018-09-08 00:00:00,8.267261904761925
2018-09-11 00:00:00,7.979166666666686
2018-09-14 00:00:00,6.814880952380975
2018-09-17 00:00:00,7.289285714285739
2018-09-20 00:00:00,7.193452380952407
2018-09-23 00:00:00,6.713095238095265
2018-09-26 00:00:00,6.220833333333359
2018-09-29 00:00:00,6.83273809523812
2018-10-02 00:00:00,7.1416666666666915
2018-10-05 00:00:00,7.054761904761931
2018-10-08 00:00:00,7.981547619047647
2018-10-11 00:00:00,8.14285714285717
2018-10-14 00:00:00,7.947619047619073
2018-10-17 00:00:00,8.328571428571454
2018-10-20 00:00:00,8.753571428571457
2018-10-23 00:00:00,8.072619047619074
2018-10-26 00:00:00,8.31785714285717
2018-10-28 23:00:00,8.610714285714314
2018-10-31 23:00:00,8.210714285714314
2018-11-03 23:00:00,8.027380952380978
2018-11-06 23:00:00,8.595833333333362
2018-11-09 23:00:00,9.973809523809555
2018-11-12 23:00:00,9.926190476190502
2018-11-15 23:00:00,10.055357142857174
2018-11-18 23:00:00,10.542261904761943
2018-11-21 23:00:00,11.101785714285757
2018-11-24 23:00:00,11.190476190476227
2018-11-27 23:00:00,11.545238095238135
2018-11-30 23:00:00,11.811904761904808
2018-12-03 23:00:00,11.439880952380992
2018-12-06 23:00:00,10.18988095238098
2018-12-09 23:00:00,9.722023809523833
2018-12-12 23:00:00,10.102380952380978
2018-12-15 23:00:00,8.8261904761905
2018-12-18 23:00:00,8.697023809523829
2018-12-21 23:00:00,8.219642857142876
2018-12-24 23:00:00,7.289285714285732
2018-12-27 23:00:00,5.711309523809547
2018-12-30 23:00:00,5.610119047619071
2019-01-02 23:00:00,5.5755952380952625
2019-01-05 23:00:00,5.508928571428595
2019-01-08 23:00:00,6.742857142857167
2019-01-11 23:00:00,6.8113095238095465
2019-01-14 23:00:00,6.885119047619069
2019-01-17 23:00:00,7.7869047619047835
2019-01-20 23:00:00,7.84761904761907
2019-01-23 23:00:00,7.6726190476190705
2019-01-26 23:00:00,7.517857142857169
2019-01-29 23:00:00,7.876785714285739
2019-02-01 23:00:00,7.752380952380974
2019-02-04 23:00:00,7.7595238095238335
2019-02-07 23:00:00,7.158333333333355
2019-02-10 23:00:00,6.805357142857166
2019-02-13 23:00:00,7.984523809523836
2019-02-16 23:00:00,9.034523809523836
2019-02-19 23:00:00,8.533333333333356
2019-02-22 23:00:00,8.971428571428586
2019-02-25 23:00:00,9.797619047619065
2019-02-28 23:00:00,8.242857142857169
2019-03-03 23:00:00,7.861904761904784
2019-03-06 23:00:00,8.883333333333356
2019-03-09 23:00:00,8.967857142857167
2019-03-12 23:00:00,8.7886904761905
2019-03-15 23:00:00,7.928571428571452
2019-03-18 23:00:00,6.996428571428596
2019-03-21 23:00:00,6.4279761904762145
2019-03-24 23:00:00,6.354761904761928
2019-03-27 23:00:00,8.233333333333356
2019-03-30 23:00:00,9.817261904761923
2019-04-03 00:00:00,10.427976190476203
2019-04-06 00:00:00,10.937500000000018
2019-04-09 00:00:00,10.835119047619076
2019-04-12 00:00:00,10.446428571428596
2019-04-15 00:00:00,9.843452380952403
2019-04-18 00:00:00,9.694047619047637
2019-04-21 00:00:00,10.000000000000014
2019-04-24 00:00:00,9.690476190476213
2019-04-27 00:00:00,9.719642857142874
2019-04-30 00:00:00,8.948214285714307
2019-05-03 00:00:00,7.99464285714288
2019-05-06 00:00:00,8.639880952380972
2019-05-09 00:00:00,9.357738095238114
2019-05-12 00:00:00,10.730952380952404
2019-05-15 00:00:00,10.086309523809547
2019-05-18 00:00:00,9.611309523809547
2019-05-21 00:00:00,9.189285714285743
2019-05-24 00:00:00,8.797619047619069
2019-05-27 00:00:00,8.30357142857145
2019-05-30 00:00:00,8.623809523809541
2019-06-02 00:00:00,9.367857142857156
2019-06-05 00:00:00,10.588690476190497
2019-06-08 00:00:00,9.979761904761931
2019-06-11 00:00:00,8.861904761904787
2019-06-14 00:00:00,9.84464285714287
2019-06-17 00:00:00,10.068452380952383
2019-06-20 00:00:00,9.518452380952388
2019-06-23 00:00:00,10.408333333333337
2019-06-26 00:00:00,9.002380952380966
2019-06-29 00:00:00,10.313095238095256
2019-07-02 00:00:00,9.798214285714309
2019-07-05 00:00:00,8.764880952380977
2019-07-08 00:00:00,7.142261904761925
2019-07-11 00:00:00,7.767261904761931
2019-07-14 00:00:00,9.119047619047649
2019-07-17 00:00:00,8.712500000000029
2019-07-20 00:00:00,9.024404761904778
2019-07-23 00:00:00,8.605952380952397
2019-07-26 00:00:00,8.361309523809537
2019-07-29 00:00:00,6.8708333333333504
2019-08-01 00:00:00,6.629166666666683
2019-08-04 00:00:00,6.324404761904778
2019-08-07 00:00:00,6.852380952380975
2019-08-10 00:00:00,7.637500000000019
2019-08-13 00:00:00,7.351785714285727
2019-08-16 00:00:00,7.036309523809541
2019-08-19 00:00:00,7.778571428571446
2019-08-22 00:00:00,7.6172619047619206
2019-08-25 00:00:00,7.8220238095238255
2019-08-28 00:00:00,7.794047619047634
2019-08-31 00:00:00,6.811904761904779
2019-09-03 00:00:00,6.5690476190476375
2019-09-06 00:00:00,7.021428571428591
2019-09-09 00:00:00,6.93452380952383
2019-09-12 00:00:00,6.331547619047638
2019-09-15 00:00:00,6.289880952380969
2019-09-18 00:00:00,6.403571428571447
2019-09-21 00:00:00,6.5488095238095445
2019-09-24 00:00:00,7.101190476190501
2019-09-27 00:00:00,7.167261904761928
2019-09-30 00:00:00,8.045238095238114
2019-10-03 00:00:00,8.069642857142867
2019-10-06 00:00:00,7.719047619047632
2019-10-09 00:00:00,6.4130952380952575
2019-10-12 00:00:00,6.5416666666666865
2019-10-15 00:00:00,7.344047619047638
2019-10-18 00:00:00,7.4791666666666865
2019-10-21 00:00:00,7.22500000000002
2019-10-24 00:00:00,6.531547619047639
2019-10-27 00:00:00,7.991666666666686
2019-10-29 23:00:00,9.780357142857156
2019-11-01 23:00:00,10.535119047619053
2019-11-04 23:00:00,9.445238095238109
2019-11-07 23:00:00,9.283928571428584
2019-11-10 23:00:00,8.765476190476203
2019-11-13 23:00:00,8.72440476190477
2019-11-16 23:00:00,7.400595238095248
2019-11-19 23:00:00,7.535119047619057
2019-11-22 23:00:00,8.152976190476204
2019-11-25 23:00:00,8.216071428571441
2019-11-28 23:00:00,8.291071428571444
2019-12-01 23:00:00,8.401785714285731
2019-12-04 23:00:00,7.04464285714287
2019-12-07 23:00:00,7.148809523809539
2019-12-10 23:00:00,7.317857142857157
2019-12-13 23:00:00,7.597619047619061
2019-12-16 23:00:00,8.10119047619049
2019-12-19 23:00:00,8.075000000000014
2019-12-22 23:00:00,7.276785714285729
2019-12-25 23:00:00,7.051785714285728
2019-12-28 23:00:00,7.029761904761919
2019-12-31 23:00:00,6.491071428571444
2020-01-03 23:00:00,6.199404761904778
2020-01-06 23:00:00,6.6761904761904916
2020-01-09 23:00:00,7.382142857142873
2020-01-12 23:00:00,7.697619047619063
2020-01-15 23:00:00,7.601190476190486
2020-01-18 23:00:00,7.7029761904762
2020-01-21 23:00:00,7.347023809523824
2020-01-24 23:00:00,7.123214285714302
2020-01-27 23:00:00,7.326190476190496
2020-01-30 23:00:00,7.680952380952395
2020-02-02 23:00:00,8.666071428571444
2020-02-05 23:00:00,8.34166666666668
2020-02-08 23:00:00,8.812500000000018
2020-02-11 23:00:00,9.070833333333345
2020-02-14 23:00:00,9.60416666666667
2020-02-17 23:00:00,9.501785714285715
2020-02-20 23:00:00,8.693452380952388
2020-02-23 23:00:00,8.05000000000001
2020-02-26 23:00:00,8.279761904761916
2020-02-29 23:00:00,8.210714285714298
2020-03-03 23:00:00,7.688095238095249
2020-03-06 23:00:00,7.565476190476199
2020-03-09 23:00:00,7.3654761904762
2020-03-12 23:00:00,9.01904761904763
2020-03-15 23:00:00,11.707142857142872
2020-03-18 23:00:00,13.577380952380967
2020-03-21 23:00:00,13.880952380952396
2020-03-24 23:00:00,12.742261904761932
2020-03-27 23:00:00,11.066666666666691
2020-03-31 00:00:00,9.732738095238108
2020-04-03 00:00:00,7.530952380952391
2020-04-06 00:00:00,7.4904761904761985
2020-04-09 00:00:00,7.859523809523819
2020-04-12 00:00:00,6.9130952380952495
2020-04-15 00:00:00,6.226190476190487
2020-04-18 00:00:00,6.592857142857151
2020-04-21 00:00:00,6.997619047619056
2020-04-24 00:00:00,8.324404761904765
2020-04-27 00:00:00,9.022023809523812
2020-04-30 00:00:00,9.550595238095244
2020-05-03 00:00:00,9.854761904761915
2020-05-06 00:00:00,9.486904761904771
2020-05-09 00:00:00,9.313095238095245
2020-05-12 00:00:00,9.736904761904766
2020-05-15 00:00:00,11.050595238095228
2020-05-18 00:00:00,12.872023809523816
2020-05-21 00:00:00,14.563095238095242
2020-05-24 00:00:00,15.154166666666669
2020-05-27 00:00:00,13.50833333333335
2020-05-30 00:00:00,11.72380952380953
2020-06-02 00:00:00,10.744047619047633
2020-06-05 00:00:00,11.130952380952396
2020-06-08 00:00:00,9.24702380952383
2020-06-11 00:00:00,7.113095238095248
2020-06-14 00:00:00,7.1559523809523915
2020-06-17 00:00:00,8.001190476190493
2020-06-20 00:00:00,9.605952380952399
2020-06-23 00:00:00,9.802976190476205
2020-06-26 00:00:00,9.53690476190477
2020-06-29 00:00:00,8.858333333333345
2020-07-02 00:00:00,8.897619047619063
2020-07-05 00:00:00,8.669642857142877
2020-07-08 00:00:00,8.294642857142875
2020-07-11 00:00:00,7.894047619047632
2020-07-14 00:00:00,8.497619047619063
2020-07-17 00:00:00,9.417857142857162
2020-07-20 00:00:00,12.0214285714286
2020-07-23 00:00:00,12.250000000000034
2020-07-26 00:00:00,10.122619047619068
2020-07-29 00:00:00,9.876785714285734
2020-08-01 00:00:00,10.862500000000011
2020-08-04 00:00:00,11.735714285714291
2020-08-07 00:00:00,10.939285714285717
2020-08-10 00:00:00,9.463095238095255
2020-08-13 00:00:00,10.502380952380971
2020-08-16 00:00:00,10.461309523809533
2020-08-19 00:00:00,12.107738095238105
2020-08-22 00:00:00,13.357738095238103
2020-08-25 00:00:00,13.382142857142876
2020-08-28 00:00:00,13.179166666666687
2020-08-31 00:00:00,13.676785714285733
2020-09-03 00:00:00,13.669642857142874
2020-09-06 00:00:00,14.12678571428573
2020-09-09 00:00:00,13.755952380952396
2020-09-12 00:00:00,13.356547619047635
2020-09-15 00:00:00,12.34583333333335
2020-09-18 00:00:00,12.115476190476206
2020-09-21 00:00:00,12.994642857142875
2020-09-24 00:00:00,14.847023809523828
2020-09-27 00:00:00,15.437500000000016
2020-09-30 00:00:00,15.814880952380971
2020-10-03 00:00:00,16.626785714285734
2020-10-06 00:00:00,17.667261904761922
2020-10-09 00:00:00,16.98511904761906
2020-10-12 00:00:00,16.99464285714287
2020-10-15 00:00:00,16.594642857142876
2020-10-18 00:00:00,15.995238095238113
2020-10-21 00:00:00,17.83928571428573
2020-10-24 00:00:00,20.28333333333335
2020-10-26 23:00:00,21.59166666666668
2020-10-29 23:00:00,22.4482142857143
2020-11-01 23:00:00,20.083928571428583
2020-11-04 23:00:00,15.942261904761915
2020-11-07 23:00:00,13.327380952380963
2020-11-10 23:00:00,10.761904761904772
2020-11-13 23:00:00,10.107738095238103
2020-11-16 23:00:00,10.307142857142864
2020-11-19 23:00:00,11.301785714285725
2020-11-22 23:00:00,10.793452380952392
2020-11-25 23:00:00,11.541666666666677
2020-11-28 23:00:00,12.40357142857144
2020-12-01 23:00:00,12.977380952380964
2020-12-04 23:00:00,13.246428571428583
2020-12-07 23:00:00,13.466666666666677
2020-12-10 23:00:00,13.396428571428583
2020-12-13 23:00:00,14.039285714285723
2020-12-16 23:00:00,14.629166666666675
2020-12-19 23:00:00,13.880357142857152
2020-12-22 23:00:00,14.189880952380962
2020-12-25 23:00:00,14.097023809523819
2020-12-28 23:00:00,13.858333333333343
2020-12-31 23:00:00,13.235119047619056
2021-01-03 23:00:00,12.676190476190484
2021-01-06 23:00:00,12.792857142857153
2021-01-09 23:00:00,14.100595238095247
2021-01-12 23:00:00,14.689880952380962
2021-01-15 23:00:00,15.332142857142866
2021-01-18 23:00:00,15.985714285714295
2021-01-21 23:00:00,15.072619047619055
2021-01-24 23:00:00,13.041666666666673
2021-01-27 23:00:00,10.951190476190481
2021-01-30 23:00:00,11.31785714285715
2021-02-02 23:00:00,12.089880952380957
2021-02-05 23:00:00,11.875000000000005
2021-02-08 23:00:00,10.094047619047627
2021-02-11 23:00:00,10.175000000000008
2021-02-14 23:00:00,10.660714285714292
2021-02-17 23:00:00,10.930952380952387
2021-02-20 23:00:00,10.672023809523813
2021-02-23 23:00:00,10.613690476190481
2021-02-26 23:00:00,10.40059523809524
2021-03-01 23:00:00,11.274404761904764
2021-03-04 23:00:00,11.638095238095243
2021-03-07 23:00:00,11.027380952380957
2021-03-10 23:00:00,10.675000000000006
2021-03-13 23:00:00,10.80416666666667
2021-03-16 23:00:00,11.113690476190481
2021-03-19 23:00:00,11.09226190476191
2021-03-22 23:00:00,10.055357142857149
2021-03-25 23:00:00,9.466666666666672
2021-03-29 00:00:00,9.128571428571435
2021-04-01 00:00:00,9.52678571428572
2021-04-04 00:00:00,11.035119047619053
2021-04-07 00:00:00,11.092857142857147
2021-04-10 00:00:00,10.971428571428577
2021-04-13 00:00:00,10.275000000000006
2021-04-16 00:00:00,10.197023809523815
2021-04-19 00:00:00,11.923214285714293
2021-04-22 00:00:00,13.682142857142864
2021-04-25 00:00:00,13.265476190476196
2021-04-28 00:00:00,11.911904761904767
2021-05-01 00:00:00,11.813095238095242
2021-05-04 00:00:00,9.629166666666672
2021-05-07 00:00:00,8.428571428571432
2021-05-10 00:00:00,7.589880952380957
2021-05-13 00:00:00,7.333928571428577
2021-05-16 00:00:00,8.641666666666671
2021-05-19 00:00:00,10.855952380952386
2021-05-22 00:00:00,12.749404761904767
2021-05-25 00:00:00,13.17678571428572
2021-05-28 00:00:00,12.254166666666674
2021-05-31 00:00:00,10.985714285714291
2021-06-03 00:00:00,9.519047619047624
2021-06-06 00:00:00,8.0327380952381
2021-06-09 00:00:00,7.96428571428572
2021-06-12 00:00:00,9.195833333333338
2021-06-15 00:00:00,9.67678571428572
2021-06-18 00:00:00,10.630357142857147
2021-06-21 00:00:00,11.17857142857143
2021-06-24 00:00:00,12.799999999999999
2021-06-27 00:00:00,14.63392857142857
2021-06-30 00:00:00,17.912499999999998
2021-07-03 00:00:00,18.791666666666664
2021-07-06 00:00:00,15.186904761904762
2021-07-09 00:00:00,11.069642857142858
2021-07-12 00:00:00,7.924404761904762
2021-07-15 00:00:00,7.51904761904762
2021-07-18 00:00:00,7.458333333333335
2021-07-21 00:00:00,6.7
2021-07-24 00:00:00,6.6690476190476184
2021-07-27 00:00:00,6.75
2021-07-30 00:00:00,6.235119047619047
2021-08-02 00:00:00,6.104166666666666
2021-08-05 00:00:00,6.374404761904763
2021-08-08 00:00:00,6.595238095238096
2021-08-11 00:00:00,6.707738095238094
2021-08-14 00:00:00,6.95297619047619
2021-08-17 00:00:00,7.030952380952379
2021-08-20 00:00:00,6.882738095238094
2021-08-23 00:00:00,6.142261904761903
2021-08-26 00:00:00,5.606547619047618
2021-08-29 00:00:00,5.694642857142855
2021-09-01 00:00:00,6.122023809523808
2021-09-04 00:00:00,7.659523809523809
2021-09-07 00:00:00,7.215476190476188
2021-09-10 00:00:00,6.662499999999999
2021-09-13 00:00:00,6.672619047619048
2021-09-16 00:00:00,6.991071428571429
2021-09-19 00:00:00,7.231547619047617
2021-09-22 00:00:00,7.791666666666664
2021-09-25 00:00:00,7.173214285714283
2021-09-28 00:00:00,7.08392857142857
2021-10-01 00:00:00,6.203571428571427
2021-10-04 00:00:00,6.393452380952381
2021-10-07 00:00:00,6.8303571428571415
2021-10-10 00:00:00,8.42202380952381
2021-10-13 00:00:00,8.788095238095236
2021-10-16 00:00:00,7.377380952380951
2021-10-19 00:00:00,7.518452380952378
2021-10-22 00:00:00,7.846428571428569
2021-10-25 00:00:00,7.0279761904761875
2021-10-28 00:00:00,6.33630952380952
2021-10-31 00:00:00,5.853571428571427
2021-11-02 23:00:00,6.466666666666664
2021-11-05 23:00:00,6.954761904761901
2021-11-08 23:00:00,7.063690476190472
2021-11-11 23:00:00,7.372023809523806
2021-11-14 23:00:00,7.227380952380949
2021-11-17 23:00:00,6.641666666666664
2021-11-20 23:00:00,7.05833333333333
2021-11-23 23:00:00,7.7416666666666645
2021-11-26 23:00:00,7.964285714285713
2021-11-29 23:00:00,7.266666666666665
2021-12-02 23:00:00,7.439285714285711
2021-12-05 23:00:00,7.1148809523809495
2021-12-08 23:00:00,5.848214285714284
2021-12-11 23:00:00,5.230357142857139
2021-12-14 23:00:00,5.678571428571424
2021-12-17 23:00:00,6.573809523809521
2021-12-20 23:00:00,6.930357142857141
2021-12-23 23:00:00,6.547023809523808
2021-12-26 23:00:00,6.510714285714284
2021-12-29 23:00:00,7.269642857142856
2022-01-01 23:00:00,7.616071428571429
2022-01-04 23:00:00,6.862500000000002
2022-01-07 23:00:00,6.517261904761905
2022-01-10 23:00:00,7.120238095238095
2022-01-13 23:00:00,6.3809523809523805
2022-01-16 23:00:00,5.485119047619047
2022-01-19 23:00:00,4.98690476190476
2022-01-22 23:00:00,6.585119047619046
2022-01-25 23:00:00,6.900595238095237
2022-01-28 23:00:00,7.348214285714285
2022-01-31 23:00:00,7.204761904761901
2022-02-03 23:00:00,6.807738095238092
2022-02-06 23:00:00,7.673214285714281
2022-02-09 23:00:00,7.783928571428569
2022-02-12 23:00:00,7.210119047619045
2022-02-15 23:00:00,6.436309523809521
2022-02-18 23:00:00,5.751190476190472
2022-02-21 23:00:00,6.430952380952378
2022-02-24 23:00:00,6.850595238095236
2022-02-27 23:00:00,7.676190476190473
2022-03-02 23:00:00,8.07380952380952
2022-03-05 23:00:00,8.199999999999998
2022-03-08 23:00:00,8.302380952380949
2022-03-11 23:00:00,8.41130952380952
2022-03-14 23:00:00,7.105952380952378
2022-03-17 23:00:00,6.597023809523807
2022-03-20 23:00:00,6.611904761904761
2022-03-23 23:00:00,6.610714285714282
2022-03-26 23:00:00,6.591666666666663
2022-03-30 00:00:00,6.95238095238095
2022-04-02 00:00:00,7.370238095238093
2022-04-05 00:00:00,7.680952380952378
2022-04-08 00:00:00,7.451785714285712
2022-04-11 00:00:00,6.97142857142857
2022-04-14 00:00:00,7.270238095238094
2022-04-17 00:00:00,6.971428571428569
2022-04-20 00:00:00,7.385714285714284
2022-04-23 00:00:00,6.95833333333333
2022-04-26 00:00:00,6.271428571428568
2022-04-29 00:00:00,6.45535714285714
2022-05-02 00:00:00,6.848809523809521
2022-05-05 00:00:00,6.8041666666666645
2022-05-08 00:00:00,7.017261904761903
2022-05-11 00:00:00,7.555357142857141
2022-05-14 00:00:00,7.1011904761904745
2022-05-17 00:00:00,8.149999999999997
2022-05-20 00:00:00,8.26190476190476
2022-05-23 00:00:00,7.5458333333333325
2022-05-26 00:00:00,7.975595238095236
2022-05-29 00:00:00,7.6077380952380915
2022-06-01 00:00:00,7.288690476190473
2022-06-04 00:00:00,7.663095238095236
2022-06-07 00:00:00,7.791666666666665
2022-06-10 00:00:00,6.218452380952381
2022-06-13 00:00:00,6.505357142857142
2022-06-16 00:00:00,7.558333333333333
2022-06-19 00:00:00,8.663095238095238
2022-06-22 00:00:00,7.933928571428571
2022-06-25 00:00:00,7.39047619047619
2022-06-28 00:00:00,8.29642857142857
2022-07-01 00:00:00,7.684523809523808
2022-07-04 00:00:00,7.297023809523807
2022-07-07 00:00:00,8.213690476190473
2022-07-10 00:00:00,8.161309523809521
2022-07-13 00:00:00,7.561309523809522
2022-07-16 00:00:00,8.0125
2022-07-19 00:00:00,8.601190476190476
2022-07-22 00:00:00,8.488095238095237
2022-07-25 00:00:00,7.894047619047618
2022-07-28 00:00:00,6.649404761904761
2022-07-31 00:00:00,6.989285714285713
2022-08-03 00:00:00,7.207738095238094
2022-08-06 00:00:00,7.761309523809523
2022-08-09 00:00:00,7.040476190476189
2022-08-12 00:00:00,6.996428571428568
2022-08-15 00:00:00,7.719047619047616
2022-08-18 00:00:00,7.960119047619045
2022-08-21 00:00:00,7.063690476190474
2022-08-24 00:00:00,6.401190476190474
2022-08-27 00:00:00,5.760714285714285
2022-08-30 00:00:00,5.624999999999999
2022-09-02 00:00:00,6.3005952380952355
2022-09-05 00:00:00,7.164285714285711
2022-09-08 00:00:00,7.404166666666663
2022-09-11 00:00:00,6.991071428571424
2022-09-14 00:00:00,7.191071428571425